{
  "teams": [
    {
      "id": "ARI",
      "name": "Arizona Cardinals",
      "city": "Arizona",
      "mascot": "Cardinals",
      "conference": "NFC",
      "division": "NFC West",
      "logoUrl": "/logos/ari.svg",
      "primaryColor": "#97233F",
      "secondaryColor": "#000000"
    },
    {
      "id": "ATL",
      "name": "Atlanta Falcons",
      "city": "Atlanta",
      "mascot": "Falcons",
      "conference": "NFC",
      "division": "NFC South",
      "logoUrl": "/logos/atl.svg",
      "primaryColor": "#A71930",
      "secondaryColor": "#000000"
    },
    {
      "id": "BAL",
      "name": "Baltimore Ravens",
      "city": "Baltimore",
      "mascot": "Ravens",
      "conference": "AFC",
      "division": "AFC North",
      "logoUrl": "/logos/bal.svg",
      "primaryColor": "#241773",
      "secondaryColor": "#000000"
    },
    {
      "id": "BUF",
      "name": "Buffalo Bills",
      "city": "Buffalo",
      "mascot": "Bills",
      "conference": "AFC",
      "division": "AFC East",
      "logoUrl": "/logos/buf.svg",
      "primaryColor": "#00338D",
      "secondaryColor": "#C60C30"
    },
    {
      "id": "CAR",
      "name": "Carolina Panthers",
      "city": "Carolina",
      "mascot": "Panthers",
      "conference": "NFC",
      "division": "NFC South",
      "logoUrl": "/logos/car.svg",
      "primaryColor": "#0085CA",
      "secondaryColor": "#101820"
    },
    {
      "id": "CHI",
      "name": "Chicago Bears",
      "city": "Chicago",
      "mascot": "Bears",
      "conference": "NFC",
      "division": "NFC North",
      "logoUrl": "/logos/chi.svg",
      "primaryColor": "#0B162A",
      "secondaryColor": "#C83803"
    },
    {
      "id": "CIN",
      "name": "Cincinnati Bengals",
      "city": "Cincinnati",
      "mascot": "Bengals",
      "conference": "AFC",
      "division": "AFC North",
      "logoUrl": "/logos/cin.svg",
      "primaryColor": "#FB4F14",
      "secondaryColor": "#000000"
    },
    {
      "id": "CLE",
      "name": "Cleveland Browns",
      "city": "Cleveland",
      "mascot": "Browns",
      "conference": "AFC",
      "division": "AFC North",
      "logoUrl": "/logos/cle.svg",
      "primaryColor": "#311D00",
      "secondaryColor": "#FF3C00"
    },
    {
      "id": "DAL",
      "name": "Dallas Cowboys",
      "city": "Dallas",
      "mascot": "Cowboys",
      "conference": "NFC",
      "division": "NFC East",
      "logoUrl": "/logos/dal.svg",
      "primaryColor": "#003594",
      "secondaryColor": "#869397"
    },
    {
      "id": "DEN",
      "name": "Denver Broncos",
      "city": "Denver",
      "mascot": "Broncos",
      "conference": "AFC",
      "division": "AFC West",
      "logoUrl": "/logos/den.svg",
      "primaryColor": "#FB4F14",
      "secondaryColor": "#002244"
    },
    {
      "id": "DET",
      "name": "Detroit Lions",
      "city": "Detroit",
      "mascot": "Lions",
      "conference": "NFC",
      "division": "NFC North",
      "logoUrl": "/logos/det.svg",
      "primaryColor": "#0076B6",
      "secondaryColor": "#B0B7BC"
    },
    {
      "id": "GB",
      "name": "Green Bay Packers",
      "city": "Green Bay",
      "mascot": "Packers",
      "conference": "NFC",
      "division": "NFC North",
      "logoUrl": "/logos/gb.svg",
      "primaryColor": "#203731",
      "secondaryColor": "#FFB612"
    },
    {
      "id": "HOU",
      "name": "Houston Texans",
      "city": "Houston",
      "mascot": "Texans",
      "conference": "AFC",
      "division": "AFC South",
      "logoUrl": "/logos/hou.svg",
      "primaryColor": "#03202F",
      "secondaryColor": "#A71930"
    },
    {
      "id": "IND",
      "name": "Indianapolis Colts",
      "city": "Indianapolis",
      "mascot": "Colts",
      "conference": "AFC",
      "division": "AFC South",
      "logoUrl": "/logos/ind.svg",
      "primaryColor": "#002C5F",
      "secondaryColor": "#A2AAAD"
    },
    {
      "id": "JAX",
      "name": "Jacksonville Jaguars",
      "city": "Jacksonville",
      "mascot": "Jaguars",
      "conference": "AFC",
      "division": "AFC South",
      "logoUrl": "/logos/jax.svg",
      "primaryColor": "#006778",
      "secondaryColor": "#D7A22A"
    },
    {
      "id": "KC",
      "name": "Kansas City Chiefs",
      "city": "Kansas City",
      "mascot": "Chiefs",
      "conference": "AFC",
      "division": "AFC West",
      "logoUrl": "/logos/kc.svg",
      "primaryColor": "#E31837",
      "secondaryColor": "#FFB81C"
    },
    {
      "id": "LV",
      "name": "Las Vegas Raiders",
      "city": "Las Vegas",
      "mascot": "Raiders",
      "conference": "AFC",
      "division": "AFC West",
      "logoUrl": "/logos/lv.svg",
      "primaryColor": "#000000",
      "secondaryColor": "#A5ACAF"
    },
    {
      "id": "LAC",
      "name": "Los Angeles Chargers",
      "city": "Los Angeles",
      "mascot": "Chargers",
      "conference": "AFC",
      "division": "AFC West",
      "logoUrl": "/logos/lac.svg",
      "primaryColor": "#0080C6",
      "secondaryColor": "#FFC20E"
    },
    {
      "id": "LAR",
      "name": "Los Angeles Rams",
      "city": "Los Angeles",
      "mascot": "Rams",
      "conference": "NFC",
      "division": "NFC West",
      "logoUrl": "/logos/lar.svg",
      "primaryColor": "#003594",
      "secondaryColor": "#FFA300"
    },
    {
      "id": "MIA",
      "name": "Miami Dolphins",
      "city": "Miami",
      "mascot": "Dolphins",
      "conference": "AFC",
      "division": "AFC East",
      "logoUrl": "/logos/mia.svg",
      "primaryColor": "#008E97",
      "secondaryColor": "#FC4C02"
    },
    {
      "id": "MIN",
      "name": "Minnesota Vikings",
      "city": "Minnesota",
      "mascot": "Vikings",
      "conference": "NFC",
      "division": "NFC North",
      "logoUrl": "/logos/min.svg",
      "primaryColor": "#4F2683",
      "secondaryColor": "#FFC62F"
    },
    {
      "id": "NE",
      "name": "New England Patriots",
      "city": "New England",
      "mascot": "Patriots",
      "conference": "AFC",
      "division": "AFC East",
      "logoUrl": "/logos/ne.svg",
      "primaryColor": "#002244",
      "secondaryColor": "#C60C30"
    },
    {
      "id": "NO",
      "name": "New Orleans Saints",
      "city": "New Orleans",
      "mascot": "Saints",
      "conference": "NFC",
      "division": "NFC South",
      "logoUrl": "/logos/no.svg",
      "primaryColor": "#D3BC8D",
      "secondaryColor": "#101820"
    },
    {
      "id": "NYG",
      "name": "New York Giants",
      "city": "New York",
      "mascot": "Giants",
      "conference": "NFC",
      "division": "NFC East",
      "logoUrl": "/logos/nyg.svg",
      "primaryColor": "#0B2265",
      "secondaryColor": "#A71930"
    },
    {
      "id": "NYJ",
      "name": "New York Jets",
      "city": "New York",
      "mascot": "Jets",
      "conference": "AFC",
      "division": "AFC East",
      "logoUrl": "/logos/nyj.svg",
      "primaryColor": "#125740",
      "secondaryColor": "#000000"
    },
    {
      "id": "PHI",
      "name": "Philadelphia Eagles",
      "city": "Philadelphia",
      "mascot": "Eagles",
      "conference": "NFC",
      "division": "NFC East",
      "logoUrl": "/logos/phi.svg",
      "primaryColor": "#004C54",
      "secondaryColor": "#A5ACAF"
    },
    {
      "id": "PIT",
      "name": "Pittsburgh Steelers",
      "city": "Pittsburgh",
      "mascot": "Steelers",
      "conference": "AFC",
      "division": "AFC North",
      "logoUrl": "/logos/pit.svg",
      "primaryColor": "#FFB612",
      "secondaryColor": "#101820"
    },
    {
      "id": "SF",
      "name": "San Francisco 49ers",
      "city": "San Francisco",
      "mascot": "49ers",
      "conference": "NFC",
      "division": "NFC West",
      "logoUrl": "/logos/sf.svg",
      "primaryColor": "#AA0000",
      "secondaryColor": "#B3995D"
    },
    {
      "id": "SEA",
      "name": "Seattle Seahawks",
      "city": "Seattle",
      "mascot": "Seahawks",
      "conference": "NFC",
      "division": "NFC West",
      "logoUrl": "/logos/sea.svg",
      "primaryColor": "#002244",
      "secondaryColor": "#69BE28"
    },
    {
      "id": "TB",
      "name": "Tampa Bay Buccaneers",
      "city": "Tampa Bay",
      "mascot": "Buccaneers",
      "conference": "NFC",
      "division": "NFC South",
      "logoUrl": "/logos/tb.svg",
      "primaryColor": "#D50A0A",
      "secondaryColor": "#34302B"
    },
    {
      "id": "TEN",
      "name": "Tennessee Titans",
      "city": "Tennessee",
      "mascot": "Titans",
      "conference": "AFC",
      "division": "AFC South",
      "logoUrl": "/logos/ten.svg",
      "primaryColor": "#0C2340",
      "secondaryColor": "#4B92DB"
    },
    {
      "id": "WAS",
      "name": "Washington Commanders",
      "city": "Washington",
      "mascot": "Commanders",
      "conference": "NFC",
      "division": "NFC East",
      "logoUrl": "/logos/was.svg",
      "primaryColor": "#5A1414",
      "secondaryColor": "#FFB612"
    }
  ]
}
